seed,loss,bestValidationScore
351,0.004510232186468725,0.9566207073003108
