seed,loss,bestValidationScore,testR2
5788,0.0054296057018682386,0.9422527103317005,-0.7621095131494681
3346,0.005285452967138994,0.9380629996409299,-0.38372806374308216
