seed,loss,bestValidationScore,testR2
3735,0.0044915118379099854,0.9537477467959915,-0.03832246710964767
2900,0.004819619785735045,0.9608420379817336,-0.1459204632291606
